dataset,deal_quality_quartile,time_bin,admiration,amusement,anger,annoyance,approval,caring,confusion,curiosity,desire,disappointment,disapproval,disgust,embarrassment,excitement,fear,gratitude,grief,joy,love,nervousness,optimism,pride,realization,relief,remorse,sadness,surprise
heddaya,Q1_closer_to_buyer_anchor,0,0.08245434037277456,0.002231117437919075,0.0017849451486705201,0.006216750216763006,0.17169945416069363,0.02343985468537572,0.02306408482017341,0.08018192503433526,0.031457902398612715,0.003739205562485549,0.011934160087283237,0.0013406518819075145,0.0010132570346242775,0.01756027474028902,0.0014611991826011562,0.020224297437341037,0.0006872072509826589,0.010302043832023123,0.02635815288398844,0.0013048959757225435,0.016526128171098265,0.0011568539592312138,0.014632664390751445,0.0024830168073410406,0.024201354634450868,0.009329148339132948,0.003159644050404624
heddaya,Q1_closer_to_buyer_anchor,1,0.11300641560917721,0.0026266174253164556,0.0019623014734177213,0.009614625758860759,0.1566599511227848,0.0038153243681012658,0.03485958234234177,0.06215940073518987,0.030165959432658228,0.010086868236012658,0.033579173014556964,0.0037221516491772154,0.0009171018794303798,0.021254849785822785,0.0013284179941139241,0.012356318670253164,0.00044609938063291146,0.01025353406278481,0.018014102103797468,0.0007470083093670885,0.014326834516455696,0.000989840963335443,0.017858150681012656,0.0014573246539240506,0.010361482199303797,0.00460797161221519,0.0032977737532911395
heddaya,Q1_closer_to_buyer_anchor,2,0.11114339958979591,0.0019431181679591834,0.0018560792816326532,0.008345281951700681,0.17720610240408163,0.004743927002857143,0.050503293778911565,0.06020252173136055,0.020299679132040817,0.008774515045986394,0.0456867508047619,0.0015883982746938777,0.000863540616122449,0.01177943375510204,0.013905858714217687,0.016755709382721088,0.000517684914829932,0.0046739201058503405,0.037828155797142854,0.0039146694984353745,0.014874684325170067,0.0011220556082108845,0.028134782309523806,0.0014560331788435372,0.005733644774217687,0.004557977540748299,0.002971702209931973
heddaya,Q1_closer_to_buyer_anchor,3,0.06477624123159235,0.006323755090000001,0.002060250338152866,0.010602663750318472,0.14719940341401275,0.004266414635286624,0.022940693795286623,0.031345607627388535,0.01581940450541401,0.00713231345687898,0.04154070948598726,0.0015741801588535032,0.0010462280300636941,0.010714698897515923,0.006929953254267516,0.014246612076178345,0.0004969603984076433,0.01689986597490446,0.021239673545923567,0.0014414295232484076,0.022837485510828023,0.0010447510488853502,0.020212069949044585,0.0017693200185350318,0.017326250019299362,0.00685506762178344,0.002941940012165605
heddaya,Q1_closer_to_buyer_anchor,4,0.072667676788125,0.00757477037,0.0017813942014375,0.01040638421,0.13822985707,0.0113894346421875,0.0264296622836875,0.050394823037437496,0.0224171524279375,0.013584772682312498,0.03036030907625,0.0016267785921875,0.00109867179875,0.009924919587875,0.0016541296881875,0.002200519903375,0.00044620645306249994,0.012197670926375,0.0199081562834375,0.001395463248125,0.038281356265625,0.0009317475360875,0.023688127178749997,0.0013243159803125,0.00887156328085,0.00499985112725,0.00648161858875
heddaya,Q1_closer_to_buyer_anchor,5,0.04663195761241611,0.0016838871818791947,0.0020489330675838927,0.010820502261073825,0.10583700228523489,0.0056478262875167785,0.03511884301080537,0.062114420473557044,0.021862005278590602,0.017584825004362415,0.051854711960402686,0.0016684183732885906,0.0011730861322147652,0.005912342970939597,0.0014615681397986578,0.003380403334832215,0.0005581233145637584,0.0058341161693288585,0.02002848098248322,0.0010618741280872483,0.01568189480738255,0.00077734342,0.018452219422147653,0.0010202112344966444,0.026425626322926173,0.009895565847651007,0.0028639024679194634
heddaya,Q1_closer_to_buyer_anchor,6,0.03886085856251655,0.0016195256692052979,0.0022924173416556293,0.010272666701324503,0.12994595972913908,0.011586682753377483,0.03566811857397351,0.0570127488405298,0.016773953422384105,0.011421495300264902,0.049305393466887414,0.001541357204834437,0.0008861461651655628,0.003786733709205298,0.0067673809342384105,0.005635709751920529,0.00046218568549668876,0.002188812635695364,0.00509461183437086,0.0012306973752980132,0.019892495373907283,0.0005610668548145695,0.019785124648344372,0.0011267274902649006,0.015071743692450332,0.006483657890331126,0.002119294230728477
heddaya,Q1_closer_to_buyer_anchor,7,0.03005315248019608,0.0020318062262745097,0.002412452235947712,0.016282408904575166,0.10038919409934641,0.007439276354509804,0.033423216908300656,0.04798407216673203,0.017308215231372548,0.026500743660457512,0.04692759643006536,0.0016911394658169934,0.0011318529150980393,0.008716827539477124,0.001727861110261438,0.008546707734248366,0.0005492710528758169,0.0032747869162091502,0.01429943162869281,0.00320910598503268,0.021822981835294117,0.0006007055986732027,0.027412434445098038,0.001179319014379085,0.01108740393751634,0.007530138210915032,0.01633809093614379
heddaya,Q1_closer_to_buyer_anchor,8,0.054105237056052635,0.0016467297298684211,0.0027035390945394735,0.01145180798881579,0.1408528181756579,0.00461962064375,0.03525427925723684,0.031736113175855264,0.013968093612039476,0.00973081482743421,0.037173696154605265,0.0015740662113157896,0.0008980628130921053,0.010804362728026316,0.0011976013633552632,0.00278634723,0.0004987477411184211,0.010318697168486842,0.016021794557171055,0.0007008734887236842,0.02595392651907895,0.0007433681544013157,0.018362679742763156,0.0012233363747368422,0.013556407318815791,0.005992847542763157,0.002071536068421053
heddaya,Q1_closer_to_buyer_anchor,9,0.06471895284767441,0.0025120715310465113,0.0015920137019186046,0.007907587890697674,0.21768270375581394,0.008432213578546512,0.021528870322848837,0.02754413240401163,0.012967742179709302,0.008112076781453488,0.01594065274511628,0.0014003784804651163,0.0008899048919767443,0.01168383014133721,0.0012220613537790698,0.010331256307965116,0.0005587495010465117,0.01782062498622093,0.009343309559302326,0.0009027812187790697,0.0324353527877907,0.0012035266322674419,0.017116735556976743,0.001934535099011628,0.018622963927930232,0.01129825882761628,0.002618790516744186
heddaya,Q2,0,0.09191402079061452,0.002382532236480447,0.0021889483312290503,0.00754221107206704,0.13517833994078213,0.008932840500782122,0.027498371549162008,0.07890002121340782,0.027835177004301676,0.008314290166368714,0.009212270503351955,0.002292291871005587,0.0011981623197206703,0.018384622474860335,0.0020140830874860335,0.021556805510726258,0.0006756218041899442,0.02490807481351955,0.02551996450452514,0.0011511858277374301,0.02045944556312849,0.0014816409132513966,0.014358680044692738,0.002740805901117318,0.020488830251977654,0.008324535274022347,0.007840701834189945
heddaya,Q2,1,0.1105058935368421,0.0021364552868421054,0.002007456615789474,0.00879930817368421,0.15137216776578946,0.0059762306825,0.035528583586842105,0.08953446769769736,0.023875154965855263,0.01162070880381579,0.02220304321006579,0.0017248513444078947,0.001043265833881579,0.04607355821907894,0.0015430940892105264,0.004704316317631579,0.0005410529846052632,0.012042006865921053,0.035836551279736846,0.0010001678641447368,0.024574945984473684,0.0012181126448881578,0.017763933200657896,0.0015975617115789474,0.009313396571644737,0.00663247279375,0.010286921617105264
heddaya,Q2,2,0.10775800979731542,0.006942080060067113,0.001864794049261745,0.009282323136912752,0.15315405599530202,0.006801930064899329,0.03750954966778523,0.05922798974053692,0.015828947290872482,0.015337902729798658,0.03613766013489933,0.0013913251569127518,0.0008521326463422819,0.010727440666577182,0.0022777727111409395,0.014957585797181205,0.0004909509484563758,0.022476743139328858,0.01837343562543624,0.0026084415400671143,0.026188574896644296,0.0012491882392818793,0.01809823393087248,0.0018538381496644295,0.006251951862013423,0.005536754314362416,0.0047521549667114095
heddaya,Q2,3,0.05897065505870968,0.001985197205612903,0.0021345679691612903,0.010689436241290323,0.13982443804064518,0.00943727139103226,0.04115975064748387,0.062297504186903226,0.021249650809806453,0.011481259272838709,0.03233677711870968,0.001857893459935484,0.0032245088271612905,0.011774346878193549,0.01039351998548387,0.014328799136903226,0.000579113222,0.00796531980083871,0.01489558568296774,0.002661106559096774,0.028596498590322577,0.0009224233784903225,0.02342961994064516,0.0017579007365806452,0.011260600054735483,0.006744360927354839,0.018790997884451613
heddaya,Q2,4,0.08798608789407643,0.006679037568917197,0.002136487844267516,0.012189372589171975,0.1329357849401274,0.007429854117261147,0.0449976732955414,0.046188029769299366,0.020426381408853504,0.009007633893184713,0.030311356022292995,0.006548723923312102,0.0019359080388535032,0.010021879094203823,0.004939350863566879,0.006064137923312102,0.0007532166603184714,0.013669399108025476,0.02419632849987261,0.00808313104401274,0.02569330511210191,0.0010851319480063694,0.01818112609745223,0.0021575379385987263,0.024394232534203822,0.01028442156267516,0.006492513941082803
heddaya,Q2,5,0.062155802626621626,0.001855336923310811,0.0021229492747297297,0.011433021108783784,0.13952592344662162,0.0044995954674324325,0.051792086129391894,0.039830297753378374,0.012511660154797297,0.016307771887770273,0.055345115916891896,0.0016849080527027028,0.0009051223138513513,0.01990421457466216,0.007710412214797299,0.020769409600405405,0.0004830192391891892,0.010358456177500001,0.006954142557837837,0.0032843285096891893,0.023485916829054054,0.00094413883825,0.018024781375675678,0.0014312319975,0.005644976165236487,0.006865000485608107,0.003745691568378378
heddaya,Q2,6,0.058649704481103446,0.0016971400371034483,0.0020686746473103446,0.008856129409655172,0.14028390136000002,0.004970148477724138,0.04844257834275862,0.051718228712689655,0.02300124324889655,0.01316996803462069,0.028974881273103447,0.0016367863974482758,0.0012705608919310345,0.00656405343137931,0.002398722778413793,0.01845220470572414,0.0006385434968965517,0.010799910244965518,0.026746544919034484,0.002680820418965517,0.03924046573517241,0.0009007749340344827,0.021407006157931036,0.0012864528308965516,0.016492322960206897,0.009705649040206897,0.002581064421241379
heddaya,Q2,7,0.04874115244213837,0.0017675966872955976,0.0021322992789937108,0.008907634123899371,0.1209280433446541,0.007188502371698113,0.03505899675566038,0.04757724312320755,0.01732119739125786,0.015538639886918238,0.046523651721383646,0.0016365530972327045,0.001134296615534591,0.00691254654018868,0.002042183219811321,0.014115722813584905,0.0006943409805031447,0.01033584003893082,0.021408459226477987,0.004043648460314466,0.021800297934591196,0.0007393467327106918,0.017062680849685534,0.0015179004479245282,0.01981865893226415,0.014220952081509435,0.008405015563396227
heddaya,Q2,8,0.041555697205845066,0.0017488212571830986,0.0025029808828169013,0.010767383264084508,0.10281036724084507,0.009050198974014085,0.04644379193591549,0.03857925261084507,0.017131952253028167,0.015345206414788731,0.04810610658492957,0.002368465304225352,0.0013387292090845072,0.006384206032676056,0.0015061872109859156,0.00221605632028169,0.0006401455623943663,0.008586467850915491,0.029098606532746478,0.0009850890523943662,0.03376203498732395,0.0006616977653450704,0.0156411906443662,0.0012611372115492957,0.02312854279115493,0.013177818345704225,0.0020175122602816902
heddaya,Q2,9,0.08454163238352273,0.001752405825,0.0018344983929545456,0.008577564397727272,0.21448988888011364,0.014234892250568182,0.028187267413011363,0.041359354666647724,0.018964310139943184,0.009281948371534092,0.03489812685795454,0.0017322022058522727,0.0009129443709090909,0.007267517294715909,0.005882623687329545,0.014210226973295454,0.0005194430664772728,0.012775285179261365,0.015604040947045456,0.001245942109431818,0.03319599478011364,0.0012328535755625,0.016256917989772728,0.002185235939659091,0.012855449130340908,0.0055652343578409084,0.002044127304602273
heddaya,Q3,0,0.09404888791981818,0.002230470553818182,0.0020637403072121213,0.007608324350303031,0.15302030546969697,0.009651772969030303,0.043513569669515154,0.07518996452206061,0.014125435462666666,0.003727765769212121,0.02061701453212121,0.0013871806271515152,0.0008022523788484849,0.03128455914206061,0.0013415189227878788,0.023125336374606058,0.0004626420251515152,0.01630011310860606,0.00920771480169697,0.0009319415323939395,0.010285963851515152,0.001220316380509091,0.020369445507878788,0.001936926624121212,0.0032680208210303027,0.002425556937090909,0.005947661977333334
heddaya,Q3,1,0.06676971796780821,0.005927216778356164,0.0019048443978082192,0.00924718912260274,0.13811256400547944,0.006744258701643835,0.052348399545205475,0.07559168071445205,0.02358933118541096,0.007943138869520548,0.039042245093150685,0.0014846978568493151,0.0010313864682876712,0.021675376228082195,0.0042868034436301375,0.008866932009589042,0.0005326090231506849,0.01332260311417808,0.02035293729410959,0.006062014772876713,0.02160866700410959,0.0007864416236301369,0.023353011600684932,0.0011862369587671232,0.015165771639041098,0.00782017744458904,0.012122476491712329
heddaya,Q3,2,0.03211184418286714,0.0016637622817482517,0.002014036044755245,0.01009509825944056,0.15481257882027974,0.00585933297986014,0.0388214460958042,0.039654689370979025,0.02362297395874126,0.02086748222937063,0.06386519802097902,0.0016390673144055946,0.0009914065151048952,0.01123262898923077,0.0012480894144055944,0.02249642445755245,0.0005612876236363636,0.005407278044125874,0.030286281052447555,0.0008198372570629371,0.03511259707342657,0.0007302809464895105,0.015959069316083915,0.001396451082937063,0.015237272404125875,0.00975226091818182,0.00573735942027972
heddaya,Q3,3,0.0643107937013245,0.008179795508675498,0.002538398245695364,0.010778312647019866,0.12525042831125827,0.003720368789536424,0.05938732334635762,0.044626853409337745,0.013885940822516556,0.010146604149536423,0.0637917929497351,0.0018128370141721852,0.0015605017557615895,0.01405754151668874,0.007362327138874172,0.024495170837880793,0.0007016481554304636,0.00555160180629139,0.015632160436821193,0.0015533773859933776,0.03501071086622517,0.0009493389890463576,0.02921418255165563,0.001182256879205298,0.026478146612980133,0.01255410362178808,0.017654651647019865
heddaya,Q3,4,0.04103249307765101,0.0017026564946308724,0.002434847093489933,0.01319022192080537,0.14427701228791948,0.002698566467248322,0.0674430159666443,0.05385364336825504,0.01359590700362416,0.011950993116107382,0.05845220737919463,0.002069346419194631,0.0011764224063087248,0.008136996821610738,0.007392137725302014,0.0027169962580536914,0.00047105913590604024,0.00563909468557047,0.01616821923328859,0.001403434057315436,0.02302644117315436,0.0006582127624765101,0.01862206648590604,0.0009296226393959732,0.013160452353489933,0.007127008468993288,0.012462257617651008
heddaya,Q3,5,0.05293176965289855,0.001871925086231884,0.002725990970652174,0.011310319645652173,0.12157595934637681,0.004764488242971015,0.05111458990173913,0.06328619738384059,0.016991433956811595,0.015936366357028987,0.0592004087231884,0.0017558182307246377,0.001379036087753623,0.009040749288550726,0.0031749042973913044,0.016483345950434783,0.0007455860353623188,0.004216513252971015,0.010053807766594203,0.003531924544347826,0.026106273805072466,0.0007802253002028985,0.023403783428260872,0.0011396256172463769,0.03433963062739131,0.020883913462391303,0.012381729250869566
heddaya,Q3,6,0.06779675703217687,0.004902821518639455,0.006431024559115646,0.011768997620408162,0.11532776551836733,0.007097986414693878,0.0328456946052381,0.03394789595857142,0.013564945257619048,0.012869504214965986,0.052797924051020406,0.0017340916694557821,0.0010189311908843537,0.008806367694013604,0.0012220068111564626,0.0222719511714966,0.0005536431783673469,0.016216375475034014,0.010554286651904762,0.0006976631624897959,0.025638977140816328,0.0009200839506802722,0.01891742934489796,0.0015164863085034015,0.019237786564380955,0.006053877756326531,0.010992749166666668
heddaya,Q3,7,0.027013050768707483,0.007407604259251702,0.0023099078462585033,0.011676919094557823,0.09861663685986395,0.010358039956938776,0.05593331717666667,0.03852281545591837,0.010523201145714287,0.008431221580612245,0.05289930407374149,0.0017368881685034014,0.0010160504694829932,0.004352494122585034,0.0073041513507483,0.006408910097755102,0.0004969683102040817,0.005972115513809524,0.005228308065034014,0.00245608432829932,0.01970775038027211,0.000658933440340136,0.02005704600680272,0.0012430718245578232,0.017267038501197277,0.006294915552380952,0.0064101373000680275
heddaya,Q3,8,0.022557305850704226,0.001700361448943662,0.0021785903071126758,0.009153418111971831,0.10257434802957748,0.006703321597887324,0.050062711306338034,0.02718405312753521,0.017353367612253524,0.010236853768521128,0.029440659784507044,0.0016762027703521125,0.0010955753882042254,0.00526678872056338,0.002769199793802817,0.011718265519647887,0.0006313078100422535,0.00337687567,0.007982055153521126,0.004308197223309859,0.02946667221267606,0.000591219436971831,0.0184359837971831,0.0009901318682394367,0.02834087890316901,0.01209404418661972,0.008042374529718309
heddaya,Q3,9,0.06965248406171778,0.002120810593374233,0.0025978323185889573,0.012196220401226993,0.1941239571754601,0.0066958669442944785,0.027896885635582822,0.01849560149625767,0.015578262161779143,0.015812253295276073,0.027265280322699387,0.00500270873220859,0.0011841478961840493,0.010688320347055216,0.0014717939595092024,0.014860906754478527,0.0004886801977300614,0.011962894789263804,0.008937466891226995,0.000971584206993865,0.03506656330122699,0.0010917479762208588,0.01867038149815951,0.0016754261319631902,0.010194769801815952,0.00843211874588957,0.0020813313089570553
heddaya,Q4_closer_to_seller_anchor,0,0.04804633815682353,0.0021951034237058823,0.0018421453185882351,0.006645538875294118,0.15448841587058823,0.007019446189823529,0.04332181135858824,0.07564513952670589,0.016331064885941177,0.004420841933176471,0.014982215271529412,0.0014135965864705883,0.0008701135393529412,0.01767542180382353,0.0013427260017647058,0.03698101182488235,0.0006562859722941177,0.008049716854176471,0.013648142472117646,0.0008008776725294117,0.019355708822352942,0.0008636575434470588,0.014654075667058826,0.0016847176483529413,0.014170081101882353,0.01014008350817647,0.006406312870705882
heddaya,Q4_closer_to_seller_anchor,1,0.09804555256866668,0.002073051630466667,0.0018085025527999998,0.007272150561999999,0.15441434794,0.005642018995733333,0.05930076310133334,0.058052382669533324,0.04080707912533333,0.006712662248266666,0.018001304434533332,0.0015844338811333333,0.0008861298054,0.027293034200733337,0.0012829212242666667,0.043923432995,0.0005221406930666667,0.021973425804866668,0.0273356445082,0.00086848096784,0.023367297610666665,0.0013532236545066667,0.022014836841333332,0.0021050507728666667,0.01630401662736,0.006097594144933333,0.004409118198866667
heddaya,Q4_closer_to_seller_anchor,2,0.057873079989930555,0.007651897636527778,0.001949431666875,0.008763525927777778,0.18514737182152777,0.008877116705208334,0.053879730682638884,0.05813648526923611,0.02336600470152778,0.014178504265972221,0.03381712255694444,0.0016021786911111112,0.0012846415898611111,0.013650561465694445,0.002729120040833333,0.0030097859359722225,0.0005637537451388889,0.010317934472430556,0.01818279576659722,0.0025305432258333335,0.04166168078263889,0.0010807716478680555,0.02216180555902778,0.001770503462152778,0.025594985400625,0.008762874174444444,0.0034816820707638885
heddaya,Q4_closer_to_seller_anchor,3,0.06922867539178808,0.0019458234841721854,0.002218740262847682,0.011826935469536424,0.14919150323509933,0.01019866357754967,0.02853116096556291,0.021957749340331126,0.013075019113112582,0.01834497787370861,0.044678045190066226,0.002681953484437086,0.0015463362359271523,0.009001891857880796,0.0013468826966225166,0.004492602842980133,0.00043558193993377484,0.0067938712739735105,0.02794362142403974,0.0008181491551655629,0.021966974409271523,0.0008483755909271523,0.02818745958211921,0.0011584581720529802,0.005575216406887417,0.003963621100993377,0.0030010908664238408
heddaya,Q4_closer_to_seller_anchor,4,0.050609383359261746,0.0017597271869798658,0.0020015484489932884,0.010957934458389263,0.14456511306308725,0.007759274864026846,0.03232434400651007,0.04392536898342282,0.019090348511677853,0.012232668357382551,0.048089096187248326,0.0016743761396644295,0.0008475220661744966,0.013068334380872484,0.007216273299328858,0.009666891339530201,0.00047145795523489937,0.011353484413557047,0.010406405278322147,0.00153733871147651,0.021885471316778524,0.0008518676269664429,0.02101121582080537,0.001188886596375839,0.003005208720671141,0.005213399547651007,0.006420100816845638
heddaya,Q4_closer_to_seller_anchor,5,0.05962167024634482,0.0015380125051034483,0.002703818278551724,0.012055473375172415,0.12808330152344827,0.009015922312,0.04390360119558621,0.04122388404455172,0.014507137374689654,0.00838697751124138,0.05196302586689655,0.0016753509949655172,0.0008885627590344828,0.0049522321528275865,0.0012903228513793104,0.01274385324772414,0.0005142833368275861,0.0038043476768275858,0.017698399800551722,0.0007316652134758621,0.02198200581034483,0.0007964429470344827,0.02254847124137931,0.0009953362113793104,0.01096778066524138,0.00737216484475862,0.006383917709379311
heddaya,Q4_closer_to_seller_anchor,6,0.04995891308558621,0.0017941990937931033,0.0020510846307586206,0.009449745231724139,0.11232790520689655,0.010231231678068966,0.03525385896068966,0.03819618376813793,0.02767656389958621,0.010741934087862068,0.047432493801379316,0.0018120251726896552,0.001031858987862069,0.007154680678896552,0.012099960788896552,0.009949556905655174,0.0006241185867586206,0.004287666617931034,0.020702229295655173,0.0029916757311724135,0.027687790953793104,0.0008501803787586207,0.019495678879310346,0.0012180352583448276,0.014834190429586207,0.01017085687724138,0.0034541879884137927
heddaya,Q4_closer_to_seller_anchor,7,0.07224664983373334,0.0019111770096666666,0.0018451694146000002,0.008284980491333332,0.154657448026,0.004666894456666667,0.031719103830666666,0.0376508455906,0.021251066692266667,0.0082680137984,0.037115638132,0.004328350441400001,0.0010834898710666667,0.007285810448533333,0.0011806815033333332,0.004680981144533333,0.0005990703674,0.0091848188894,0.011012867861266666,0.0006891156012000001,0.030183739087333333,0.0009568848293133333,0.023177865934,0.001665155512,0.010671324898906667,0.0109144810906,0.006305292080133334
heddaya,Q4_closer_to_seller_anchor,8,0.05426872298333333,0.001981325801180556,0.0021646301443055556,0.008886481097916668,0.10308784548958333,0.007322967535208332,0.034618235884444445,0.03186519794277778,0.010665540217222222,0.013978594998819443,0.020156257080555556,0.001642524378263889,0.001199419637638889,0.005314451467083333,0.008633583112916666,0.004508192435972222,0.0006405228377083333,0.009294036588055556,0.011828073696458333,0.005343425520694445,0.024706746583333335,0.000771871506076389,0.017864907893055556,0.001370216525486111,0.026181468910138887,0.010713047554027778,0.0028529710172916665
heddaya,Q4_closer_to_seller_anchor,9,0.0978309260347826,0.002169210803229814,0.0027029013777639752,0.012246496133540372,0.16971112519565218,0.006004259074161491,0.023204063588447205,0.023919401705962733,0.02325764718267081,0.009485593023416148,0.021636181879937887,0.0014455122236024843,0.0005967128568944099,0.01254083362583851,0.0013906538693167702,0.023988693502173915,0.0003789094072670807,0.025189739723540373,0.023434642648074537,0.0006349382140807454,0.03744210362670808,0.001085072512931677,0.013063596275776397,0.00198458731310559,0.0005295108256024845,0.0025540486457763974,0.0033592716556521737
a2a,Q1_closer_to_buyer_anchor,0,0.2911377485384615,0.0030774561923076925,0.002174612923076923,0.003597991769230769,0.1091375003846154,0.02204274942307692,0.034859074576923076,0.4555833608846154,0.029557539730769227,0.0019216288846153847,0.004974301192307693,0.0012261265769230767,0.0007014584615384615,0.09002677542307692,0.0023646534615384615,0.3804977016153846,0.0011277661923076924,0.08227337930769231,0.04262806565384615,0.0018001415,0.07084632446153846,0.0030017186923076925,0.005731666461538462,0.006893154653846155,0.0023643167692307693,0.0023504131153846155,0.014639145538461538
a2a,Q1_closer_to_buyer_anchor,1,0.45411199364705884,0.0019316305294117648,0.0039079639411764705,0.00637796805882353,0.112138639,0.030989197588235293,0.04043997364705882,0.40498120029411766,0.051306045529411766,0.006757000764705883,0.014860095470588237,0.0017440075882352944,0.000782759294117647,0.07398605164705882,0.002274664176470588,0.24050875641176472,0.0012380011764705884,0.01001485,0.04055173529411765,0.0014349246470588236,0.09875919735294118,0.0026613758823529413,0.007221852117647059,0.0034102082352941176,0.0032991430588235294,0.004707494058823529,0.007033441941176471
a2a,Q1_closer_to_buyer_anchor,2,0.423839060875,0.0012050211875,0.0022141403125,0.008646764875,0.1486965190625,0.0374065795,0.0409602618125,0.189301089625,0.0431348465,0.022208648125,0.0328853579375,0.001576436,0.0009583121875,0.011684503375,0.0016870119999999999,0.324870026125,0.001560820625,0.0103649305625,0.005616403375,0.001285642375,0.06729072999999999,0.0040917345625,0.009756462875,0.0051534984375,0.0043616198125,0.0077844885625,0.0033076771875
a2a,Q1_closer_to_buyer_anchor,3,0.3984013141111111,0.002331163722222222,0.0025880033888888887,0.0073337717222222215,0.09232731255555555,0.055373838055555555,0.030604439388888887,0.2798649351111111,0.036708979111111116,0.032145309166666663,0.021373350055555556,0.002081303722222222,0.0011001051111111113,0.015530678555555557,0.04355951227777778,0.3902881135,0.001720484,0.01052868538888889,0.00786547811111111,0.0045481185,0.0935998835,0.003840214777777778,0.008420931944444444,0.004961662055555555,0.0035050669444444443,0.007837317666666666,0.006232512666666666
a2a,Q1_closer_to_buyer_anchor,4,0.35659341584210524,0.00236361652631579,0.002046438,0.005594694157894737,0.11725319657894735,0.07270945968421053,0.034141597210526314,0.16856857231578948,0.010960109052631579,0.007383300000000001,0.01592109847368421,0.0015741202105263158,0.0008309626315789473,0.010026606368421053,0.04117163052631579,0.3187023769473684,0.0013439171578947368,0.010158184315789473,0.006960533368421052,0.00472785547368421,0.066827916,0.0027702722631578946,0.008466802526315789,0.00436648605263158,0.0028891775789473685,0.004160670421052631,0.0033168582631578946
a2a,Q1_closer_to_buyer_anchor,5,0.2423163794375,0.0030596449374999998,0.002040094125,0.004692262625,0.1137053799375,0.072343780375,0.0179264225,0.201731277,0.0324190165625,0.0024600376875,0.0052926123125,0.0011474265625,0.0004980890625,0.014663599187500001,0.0014186998125,0.268083107,0.0008995200625,0.0115935205,0.00968199025,0.0008211228125,0.1225435269375,0.0018388894375,0.006738427375,0.0030168253124999997,0.002122963625,0.0025199849375000002,0.0029927713125
a2a,Q1_closer_to_buyer_anchor,6,0.29891410476470587,0.002419887352941176,0.0015640025294117645,0.005709202294117647,0.11202138117647059,0.02925925229411765,0.009044372294117647,0.09368904423529412,0.026418328058823527,0.004115305117647059,0.017272017352941177,0.0010512638235294117,0.00042449699999999997,0.01340355582352941,0.0008908435294117646,0.3453096447058823,0.0006175204705882354,0.009810646411764705,0.0054278460588235294,0.0005645986470588235,0.04469666258823529,0.0025788407647058826,0.006762745411764705,0.0033044688823529412,0.001142695411764706,0.002112203294117647,0.0018006498235294116
a2a,Q1_closer_to_buyer_anchor,7,0.18276954764705883,0.003232987823529412,0.0021352574705882353,0.005528679647058824,0.1461227797647059,0.030142189764705885,0.009644261705882354,0.08974308488235294,0.03767725335294118,0.002531437823529412,0.004881835882352942,0.0012538259411764706,0.000518634,0.008432170705882354,0.0011593338823529412,0.30197410599999996,0.0008383409411764707,0.009015016705882353,0.006272248176470588,0.0006483235294117647,0.09224796988235294,0.0026565634705882353,0.007546956117647059,0.0031761975882352938,0.0021248681176470586,0.002882449,0.0019836
a2a,Q1_closer_to_buyer_anchor,8,0.2644002080625,0.0039833276875,0.00206970775,0.0051252716875,0.1348254934375,0.09356535737499999,0.02226363075,0.134984832375,0.016483357812500002,0.002622233125,0.0064342255,0.0010816874375,0.0004907901875,0.0131349426875,0.001416704875,0.2016791613125,0.0009682493125000001,0.08323157906249999,0.0098181471875,0.0009909838125,0.0718709633125,0.004112778,0.00732308275,0.0048327401875,0.0019224106875,0.0030294618125000002,0.0021645010625
a2a,Q1_closer_to_buyer_anchor,9,0.2815980265714286,0.004005881714285714,0.0027252243333333336,0.005286482714285714,0.07533060223809523,0.1344808376190476,0.006460901285714286,0.06427322847619048,0.010097289,0.011038445904761903,0.006796137809523809,0.0015269172380952382,0.000996540857142857,0.03062234976190476,0.0023826673333333334,0.27315140838095237,0.00877268595238095,0.13338583947619048,0.015635873952380953,0.002221356333333333,0.04577308414285715,0.004878675904761905,0.007711941809523809,0.00787999742857143,0.025514122142857146,0.12938983090476192,0.002833704619047619
a2a,Q2,0,0.46080312804545454,0.002930188181818182,0.0025544471363636366,0.0038841709545454546,0.08407683727272727,0.016170778045454547,0.04214058672727273,0.5703390018181819,0.019450102090909093,0.002427312818181818,0.005502509409090909,0.0014374976363636363,0.0007736267272727273,0.08513912240909091,0.0025020222727272726,0.24440873781818181,0.0010832423181818182,0.02118764227272727,0.056127690818181815,0.001644282681818182,0.0378470945909091,0.0016249224545454544,0.005771947681818182,0.0026920943636363636,0.0019383482727272727,0.0025456435,0.022198559863636363
a2a,Q2,1,0.506657221,0.0025997034545454547,0.0022634151818181816,0.005039245454545455,0.06675359936363635,0.013074193181818182,0.025322249727272726,0.25402108163636367,0.13441860709090908,0.003928473272727272,0.006317653909090909,0.0016891196363636363,0.0006620605454545455,0.08179892681818181,0.0017924852727272728,0.3268161914545455,0.0011205427272727273,0.01229036509090909,0.010555785636363637,0.001133500818181818,0.2442043838181818,0.006394272545454546,0.006416206181818182,0.0027768546363636363,0.0023730586363636366,0.002500129363636364,0.008119527909090908
a2a,Q2,2,0.6119740203846153,0.0008057503076923077,0.0023565805384615384,0.0055108575384615385,0.16296633046153847,0.011509115461538462,0.07452810323076922,0.4566435803846154,0.012705929692307692,0.0067252,0.016123901384615384,0.0014675368461538464,0.0007599694615384616,0.010893334230769231,0.015756413692307694,0.019419891538461537,0.0010328968461538462,0.0038123645384615383,0.007284173153846153,0.002281881923076923,0.03329858069230769,0.0019123693076923075,0.013482544769230768,0.0014768665384615385,0.0017131544615384617,0.0036343714615384615,0.006100856461538462
a2a,Q2,3,0.19572130536363638,0.001230026090909091,0.002198095272727273,0.014571248818181816,0.23521291781818182,0.00900842709090909,0.04497316572727273,0.25354485936363635,0.04096170754545455,0.03277724045454545,0.07372424300000001,0.002423443636363636,0.0011933774545454545,0.009302626727272728,0.08109088527272727,0.09594263763636364,0.0010321177272727272,0.0034634211818181816,0.005556586090909091,0.00810903109090909,0.04455879918181818,0.0012870824545454544,0.016229284636363635,0.0021237231818181817,0.002353181727272727,0.005917780090909091,0.0035916809999999998
a2a,Q2,4,0.416078290875,0.0011069709375,0.0023557909375,0.0069711004375,0.256047574,0.02589331675,0.04826475025,0.2987920264375,0.019261399250000002,0.014280797250000001,0.0221467385625,0.0019354827500000001,0.000949781,0.023860407562499998,0.05625674512499999,0.031656893812499996,0.0012152874375,0.0038565880625,0.0058119200625,0.0047584860625,0.1101556598125,0.00246867525,0.0147372234375,0.00249355575,0.002720730125,0.004540985375,0.00473131125
a2a,Q2,5,0.47012448790909095,0.0007856421818181817,0.001670084,0.008922729636363636,0.23400872345454546,0.011646486545454547,0.033000386363636364,0.14222094445454547,0.07180356763636363,0.022057113454545453,0.040723598363636364,0.0016446392727272727,0.0008505068181818182,0.009601511636363637,0.0010527606363636363,0.16309107954545454,0.0008428638181818183,0.0036364460909090912,0.0041217090909090905,0.0008056302727272728,0.05724805409090909,0.004213842818181818,0.014203706090909091,0.002475185,0.002008977545454545,0.003462174454545455,0.003650840454545454
a2a,Q2,6,0.5068689584545454,0.001281006909090909,0.0025887106363636364,0.00746118409090909,0.2030772209090909,0.029111911909090907,0.06220451463636363,0.21950163709090909,0.04698092590909091,0.017182310909090906,0.029478703999999998,0.0024558478181818185,0.001100398,0.010290737000000001,0.07045403045454546,0.12378782918181819,0.001609094090909091,0.005196930363636363,0.007124955818181819,0.006168326454545455,0.10129037636363636,0.003650659363636364,0.011465213818181818,0.002953591363636363,0.0025366304545454544,0.006145524,0.005190670090909091
a2a,Q2,7,0.35438966607692307,0.0012241206923076923,0.0033765785384615382,0.018668142230769232,0.094540444,0.013318237923076922,0.025963922846153845,0.13535985646153845,0.049786528000000004,0.07708685207692308,0.11689665730769232,0.00306966,0.0015202252307692306,0.009351155615384615,0.06843357269230768,0.11559695515384615,0.001364654153846154,0.004338977230769231,0.03435380884615385,0.008040646307692308,0.052673729307692305,0.003564662384615385,0.011152758769230768,0.0025722013076923075,0.002804474615384615,0.008510266692307693,0.003734500846153846
a2a,Q2,8,0.3332530411818182,0.0011280871818181819,0.0020982166363636362,0.012291973999999999,0.2100877228181818,0.048385721090909085,0.010067125909090908,0.07568395154545454,0.05869701590909091,0.011151123,0.08327770327272727,0.0014410545454545455,0.0007429412727272727,0.0067502078181818186,0.0009608645454545455,0.2370372030909091,0.0010940008181818182,0.007066065181818182,0.0037817675454545454,0.0007127525454545453,0.10525147763636364,0.003801320545454545,0.013832789363636362,0.006264670272727272,0.003944445818181818,0.003599785818181818,0.002153526090909091
a2a,Q2,9,0.25038342647058826,0.0025047557058823534,0.0035433914705882354,0.02506459476470588,0.11183884629411765,0.06883469611764706,0.017484895352941177,0.03556417176470589,0.008802459823529412,0.13016765358823532,0.16862560682352942,0.0024543500588235295,0.002108896823529412,0.010638016,0.006340882117647059,0.210697459,0.004860938294117647,0.0838675145882353,0.010190880588235293,0.0022603856470588234,0.03234261788235294,0.004720732294117647,0.02005223611764706,0.006452290529411765,0.006217664,0.0740073361764706,0.0030522770588235293
a2a,Q3,0,0.34565886147619046,0.0039858907142857145,0.0023220319047619047,0.0038257806190476187,0.06817540157142857,0.013831981476190478,0.03587920861904762,0.5549112918095238,0.01306169495238095,0.0022367377142857143,0.00511109480952381,0.001358148,0.0007854554761904762,0.10179092280952381,0.002415348095238095,0.17885882652380952,0.0009009506666666667,0.03219699433333333,0.014250356380952381,0.0017250174761904763,0.042013286238095235,0.001083153619047619,0.005563559809523809,0.002672289238095238,0.0017444860952380954,0.002145744047619048,0.022993451047619046
a2a,Q3,1,0.207111792,0.0034886412727272724,0.0026377853636363638,0.006037755545454546,0.04134689190909091,0.012737431181818182,0.02205630263636364,0.24026323427272728,0.10358607709090908,0.005830489636363637,0.006558587818181819,0.0018847673636363637,0.000875126090909091,0.05700421645454545,0.001803533909090909,0.5880721196363636,0.0015008883636363636,0.017565662818181817,0.009766392545454545,0.0013721682727272728,0.18541812945454544,0.0033754884545454545,0.006567856181818182,0.004161814181818182,0.005533397909090909,0.006667994454545454,0.006428081181818182
a2a,Q3,2,0.499761107,0.0014278560000000001,0.002415735923076923,0.008921204923076924,0.08884866392307691,0.017313866923076925,0.037661232846153844,0.31485302492307693,0.012043542692307693,0.04206748907692308,0.03400886153846154,0.0018244753846153846,0.0011211185384615385,0.009740212076923077,0.010498127923076923,0.24332444323076924,0.0013409459230769231,0.0066365128461538464,0.0060564133076923075,0.0013401514615384617,0.04263137976923077,0.003104766307692308,0.008941400384615385,0.004015674769230769,0.0035844130769230767,0.006535381153846154,0.00481417923076923
a2a,Q3,3,0.157387128,0.0009926714545454545,0.001131795909090909,0.008152008454545456,0.3238574932727273,0.02392733190909091,0.012181462000000002,0.08871082454545455,0.01651554518181818,0.006753944636363637,0.03243407072727273,0.0007861145454545454,0.00041409836363636365,0.006614969909090909,0.0007648552727272728,0.09555248918181819,0.0004614470909090909,0.020758297000000002,0.0028363148181818182,0.000810210909090909,0.05678550290909091,0.0017816716363636361,0.021497319454545458,0.0060992038181818175,0.0009273566363636362,0.002007756,0.0018132619090909094
a2a,Q3,4,0.43782131930769236,0.0015349307692307692,0.0016640386923076924,0.006496386000000001,0.07061508092307692,0.011841630076923078,0.02161464576923077,0.15781736407692307,0.015673790076923075,0.01042522146153846,0.014884738846153846,0.0013168376153846152,0.0009059047692307692,0.010279391461538463,0.0009615095384615385,0.5255729562307692,0.0009656410769230769,0.007339706538461539,0.004092841923076923,0.000616064923076923,0.037695847615384616,0.0033293729230769228,0.007766565384615384,0.0034969033846153847,0.003170416,0.003806566,0.0034780273846153845
a2a,Q3,5,0.26761557345454545,0.0016791495454545455,0.0024414750000000002,0.017392309999999998,0.1251665429090909,0.012008630909090908,0.010832512818181818,0.05487784472727273,0.061680163818181824,0.029812476636363636,0.10796726536363636,0.0026358495454545457,0.0014276112727272727,0.006515631363636364,0.07015625900000001,0.22434478390909093,0.0012548506363636363,0.005015563545454545,0.003791225181818182,0.005710134363636363,0.059213601909090904,0.002664489181818182,0.021126772000000002,0.003246179272727273,0.0020511549090909092,0.0047875340909090906,0.003749555727272727
a2a,Q3,6,0.37623367545454545,0.0010853926363636364,0.001052064181818182,0.004134422636363637,0.17763377254545454,0.015689469636363636,0.010569062545454545,0.07904280118181818,0.0054176680000000005,0.0022668295454545454,0.005639116454545455,0.0007588332727272727,0.00034193036363636364,0.007042669636363636,0.0007270724545454546,0.3881182366363637,0.0004724652727272727,0.004945165727272727,0.002613424181818182,0.00039736227272727274,0.029119854181818183,0.0029437160909090913,0.010025742727272727,0.002638458909090909,0.0008364061818181818,0.001417078909090909,0.0021667067272727273
a2a,Q3,7,0.19949840023076926,0.0016584291538461538,0.0018698875384615386,0.01349992,0.1960881860769231,0.014773018307692308,0.005925832384615385,0.05411703084615385,0.06349616507692307,0.022668143230769232,0.09926216046153846,0.0016646987692307694,0.0009419633846153846,0.012567685692307694,0.0009327809230769231,0.40094350261538464,0.0006366101538461538,0.008571187923076923,0.003343652846153846,0.0006231113076923077,0.043490419615384614,0.002227198384615385,0.010860691384615383,0.003467218692307692,0.0013677642307692306,0.0024431988461538464,0.002505115
a2a,Q3,8,0.4144521422727273,0.001610018818181818,0.0016769880909090907,0.004810611636363636,0.224628807,0.08945653881818182,0.008140993181818183,0.10844202845454545,0.009026228454545454,0.002516285,0.005882890545454545,0.0009519230909090909,0.0004447789090909091,0.01057531609090909,0.0009911298181818182,0.2796454319090909,0.0008062441818181818,0.010471287545454545,0.007664566818181818,0.0008151091818181818,0.03173899854545454,0.0026940384545454544,0.00889259718181818,0.0025177707272727276,0.0015114306363636363,0.002786974818181818,0.0018910817272727273
a2a,Q3,9,0.2694719917857143,0.002074443357142857,0.0029005490714285715,0.0075697519285714285,0.218299808,0.0743049377857143,0.004202619857142857,0.0054897215714285715,0.009060364357142857,0.023927207214285713,0.028424951642857143,0.0028094724285714287,0.0013687713571428571,0.01297377157142857,0.0543068665,0.16476329642857143,0.011702111714285713,0.011249233499999999,0.012585101642857142,0.005448175785714286,0.030816855142857143,0.0031996772857142857,0.013222508499999999,0.005375558428571429,0.005873546142857143,0.1832791277142857,0.003995656928571429
a2a,Q4_closer_to_seller_anchor,0,0.4467963777272727,0.003017604090909091,0.0023153995,0.003705458909090909,0.08282945372727273,0.018309569363636365,0.04315724227272728,0.5297397536363636,0.0168261815,0.0022214586818181817,0.005403860681818182,0.0012538460454545456,0.0007427162272727273,0.07825407277272728,0.002233125909090909,0.3057360905,0.001135223,0.040134067863636366,0.016833215363636363,0.0016595165454545457,0.056533889500000004,0.001840240409090909,0.0058383650454545445,0.004289629318181818,0.002032509590909091,0.002490313136363636,0.018496321454545453
a2a,Q4_closer_to_seller_anchor,1,0.3117076839090909,0.003207617727272727,0.002358224818181818,0.005375768636363637,0.06422908100000001,0.012746928727272728,0.024871324818181818,0.20264445954545457,0.20986245972727272,0.0036581028181818178,0.006443567,0.0017357793636363637,0.0006575601818181818,0.13722388754545456,0.0021348611818181817,0.2607008477272727,0.0009681342727272727,0.014418097545454546,0.010356019636363636,0.0013256565454545454,0.27783262436363637,0.0033993147272727274,0.005632625818181818,0.0025604776363636365,0.0021360263636363637,0.002412654818181818,0.007846222636363635
a2a,Q4_closer_to_seller_anchor,2,0.687340685,0.0006845401666666667,0.0016623808333333333,0.005867731166666667,0.12129590125,0.008588803916666667,0.05468599016666667,0.27174162241666666,0.006355803416666667,0.011156199916666667,0.02103847075,0.0011506320833333335,0.0007472019166666668,0.0069515965,0.00103432525,0.12949749275,0.0009259099166666667,0.003819819416666667,0.004544155166666667,0.0007130445,0.03003932775,0.0031045715,0.009119522583333333,0.0023532268333333333,0.00224464925,0.003780473666666667,0.0035676984166666662
a2a,Q4_closer_to_seller_anchor,3,0.16579777708333335,0.0016060894999999997,0.0018051088333333333,0.005971621833333333,0.22243022808333332,0.05085127516666666,0.03912187416666667,0.2666729646666667,0.02954150708333333,0.008311625833333334,0.014097760666666667,0.0018808359166666668,0.0009309531666666667,0.013711569916666668,0.061581217333333334,0.18889583591666667,0.0013407005,0.00724542,0.031156056750000004,0.006272029666666667,0.11646330916666668,0.002151029,0.012461472083333333,0.004239477583333333,0.00286008625,0.005152977333333334,0.0041303935833333335
a2a,Q4_closer_to_seller_anchor,4,0.42793772984615386,0.0012277473846153846,0.0012015586923076922,0.004001291076923077,0.19868067984615384,0.059045045,0.007036746307692308,0.08278442030769231,0.0684119986923077,0.002092342307692308,0.007033078384615385,0.000824292076923077,0.0003070113076923077,0.021075554153846154,0.0008782000000000001,0.2684818203076923,0.0006053378461538461,0.01687720307692308,0.0062018683076923075,0.0005865631538461538,0.07756372007692308,0.003907290153846154,0.006833057615384616,0.0035999526153846152,0.001260569153846154,0.0014272777692307692,0.0018386870769230772
a2a,Q4_closer_to_seller_anchor,5,0.48173743809090913,0.0017637221818181817,0.0018987669090909092,0.004794605272727273,0.12691917745454545,0.06703948718181818,0.016689952,0.1879464470909091,0.08733665409090909,0.002615013,0.005827831181818182,0.0012053447272727272,0.0004994407272727273,0.017775246272727273,0.0014692941818181817,0.2989618905454545,0.0010892354545454545,0.009875163818181818,0.005909495272727273,0.0009302193636363636,0.12864586854545454,0.0034842963636363636,0.006311054727272727,0.0039197880909090915,0.0019603196363636366,0.0025149483636363636,0.004217599818181818
a2a,Q4_closer_to_seller_anchor,6,0.3886680134166667,0.0012511375,0.0016174868333333333,0.0048406247500000004,0.25835928308333334,0.05469188441666667,0.009543309416666666,0.09814211083333334,0.01652378675,0.002567705416666667,0.0064471225,0.0009781621666666667,0.00043835175,0.007110821666666667,0.0010981393333333333,0.33197436399999997,0.00089434875,0.005523897416666666,0.004494017166666667,0.000642343,0.060972740916666664,0.0027272449166666664,0.01637857875,0.0037237509999999995,0.0022777640000000003,0.0025560824166666668,0.00216983575
a2a,Q4_closer_to_seller_anchor,7,0.27990427991666667,0.002546053333333333,0.002182871916666667,0.0047655150000000005,0.056566489916666664,0.08223472366666666,0.012863435333333334,0.12361031,0.04025586266666667,0.0027708092500000002,0.006009927166666666,0.0017182116666666668,0.0007693440833333333,0.010737812416666666,0.060295030416666666,0.5808288414166667,0.0015061521666666668,0.008999080166666666,0.0062129766666666674,0.0041948430833333335,0.111150434,0.0025547446666666666,0.006371568416666667,0.004105162,0.004137660833333333,0.004105349416666667,0.0035885434166666665
a2a,Q4_closer_to_seller_anchor,8,0.4350020511818182,0.002174909909090909,0.001352089181818182,0.0038545503636363636,0.17241798754545454,0.08375742,0.0062323711818181825,0.08296023563636364,0.03161770290909091,0.001873027,0.005079526454545454,0.0007968157272727274,0.0003578994545454545,0.01947734981818182,0.0008832932727272727,0.36652204127272725,0.000740758090909091,0.07958502254545453,0.0075348054545454545,0.000626562,0.04156215063636364,0.004441431363636363,0.0063165341818181816,0.006829981909090909,0.0013967548181818181,0.0017989453636363638,0.0021525493636363638
a2a,Q4_closer_to_seller_anchor,9,0.13542820992857144,0.00363588,0.0018024177857142857,0.004314336,0.27116968764285715,0.19557083800000002,0.0035115627857142855,0.007055014214285714,0.008558845428571429,0.001995355714285714,0.004984421142857143,0.0009914348571428571,0.0004973455714285714,0.052735382571428575,0.0015700080714285715,0.35236735321428575,0.002067921,0.06351176064285714,0.015093235642857143,0.0018012694285714284,0.04519613978571429,0.003202264714285714,0.007934075142857143,0.0071937525714285714,0.004799314714285714,0.01457912657142857,0.002082351857142857
